INSERT INTO `categorie_doc` (`pk_categorie_doc`, `label_categorie_doc`, `niveau_categorie_doc`, `fk_monde`, `fk_client`) VALUES
(5, 'Operativo', 0, 1, 82),
(6, 'Contable', 0, 1, 82),
(7, 'Control', 0, 1, 82),
(8, 'Acuerdos', 10, 2, 82),
(9, 'Facturas', 20, 3, 82),
(10, 'Acuerdos', 20, 3, 82);
INSERT INTO `champ` (`pk_champ`, `label_champ`, `pluriel_champ`, `public_champ`, `multi_champ`) VALUES
(5, 'cliente', 'clientes', 0, 1),
(6, 'aduana', 'aduanas', 1, 0),
(7, 'provedor', 'provedores', 0, 0);
INSERT INTO `client` (`pk_client`, `entreprise_client`, `mail_client`, `nom_contact_client`, `poste_contact_client`, `phone_contact_client`, `ext_contact_client`, `nb_emp_client`, `nb_op_client`, `nb_douanes_client`, `credit_client`, `statut_client`, `bucket_client`, `call_me_maybe`) VALUES
(82, 'Correo Solucion', 'dam.buty@gmail.com', 'Chad Warwick', 'Gerente TI', '55-CONDOMS', '', 0, 0, 0, '10000', 0, 0, 0);
INSERT INTO `monde` (`pk_monde`, `label_monde`, `cyclique_monde`, `niveau_monde`, `fk_client`) VALUES
(1, 'Operativo', 1, 0, 82),
(2, 'Acuerdos', 0, 10, 82),
(3, 'Provedores', 0, 20, 82);
INSERT INTO `monde_champ` (`fk_monde`, `fk_client`, `fk_champ`, `master_monde_champ`) VALUES
(1, 82, 5, 1),
(1, 82, 6, 0),
(2, 82, 5, 1),
(3, 82, 7, 1);
INSERT INTO `type_doc` (`pk_type_doc`, `label_type_doc`, `detail_type_doc`, `niveau_type_doc`, `fk_categorie_doc`, `fk_monde`, `fk_client`) VALUES
(23, 'BL', 0, 0, 5, 1, 82),
(24, 'Declaracion de valor', 0, 0, 5, 1, 82),
(25, 'Recibo', 1, 10, 5, 1, 82),
(26, 'Cuenta de gastos', 0, 0, 6, 1, 82),
(27, 'Factura', 1, 10, 6, 1, 82),
(28, 'Derechos aduaneros', 0, 0, 6, 1, 82),
(29, 'Fotografia', 1, 0, 7, 1, 82),
(30, 'Otro', 1, 0, 7, 1, 82),
(31, 'Contrato de servicio', 0, 10, 8, 2, 82),
(32, 'Acuerdo anual', 0, 20, 8, 2, 82),
(33, 'Factura Almacen', 0, 20, 9, 3, 82),
(34, 'Factura Transporte', 0, 20, 9, 3, 82),
(35, 'Factura Otro', 1, 20, 9, 3, 82),
(36, 'Acuerdo anual', 0, 30, 10, 3, 82),
(37, 'Contrato de servicio', 0, 20, 10, 3, 82);
INSERT INTO `user` (`login_user`, `mdp_user`, `mail_user`, `niveau_user`, `clef_user`, `fk_client`) VALUES
('LeSuperAdminEstUnBatard', '9eac9bcd3f660d49b7c96ff8583e4b218bc70008', 'dam.buty@gmail.com', 999, '', 0),
('test.dam', 'ac86ff68126d5b03c41fd1b816273bb3d06f16340ef27e7e617c83e3c419254f', 'dam.buty@gmail.com', 30, 'vv2Vz7zOBnVWCGSXMekjtolGIaPq32M4AB3ok1gRhO6L5WxevDaw7D/khvXc75/b3K8oT34Y41EkDziPHqB/gQ==', 82);
INSERT INTO `valeur_champ` (`pk_valeur_champ`, `label_valeur_champ`, `fk_champ`) VALUES
(3, 'Samsung', 5),
(2, 'Google', 5),
(1, 'Apple', 5),
(4, 'Fender', 5),
(5, 'Marshall', 5),
(6, 'ElectroHarmonix', 5),
(1, 'ACAPULCO', 6),
(2, 'AGUA PRIETA', 6),
(5, 'SUBTENIENTE LOPEZ', 6),
(6, 'CIUDAD DEL CARMEN', 6),
(7, 'CIUDAD JUAREZ', 6),
(8, 'COATZACOALCOS', 6),
(11, 'ENSENADA', 6),
(12, 'GUAYMAS', 6),
(14, 'LA PAZ', 6),
(16, 'MANZANILLO', 6),
(17, 'MATAMOROS', 6),
(18, 'MAZATLAN', 6),
(19, 'MEXICALI', 6),
(20, 'MEXICO', 6),
(22, 'NACO', 6),
(23, 'NOGALES', 6),
(24, 'NUEVO LAREDO', 6),
(25, 'OJINAGA', 6),
(26, 'PUERTO PALOMAS', 6),
(27, 'PIEDRAS NEGRAS', 6),
(28, 'PROGRESO', 6),
(30, 'CIUDAD REYNOSA', 6),
(31, 'SALINA CRUZ', 6),
(33, 'SAN LUIS RIO COLORADO', 6),
(34, 'CIUDAD MIGUEL ALEMAN', 6),
(37, 'CIUDAD HIDALGO', 6),
(38, 'TAMPICO', 6),
(39, 'TECATE', 6),
(40, 'TIJUANA', 6),
(42, 'TUXPAN', 6),
(43, 'VERACRUZ', 6),
(44, 'CIUDAD ACUNA', 6),
(46, 'TORREON', 6),
(47, 'MEXICO AEROPUERTO', 6),
(48, 'GUADALAJARA', 6),
(50, 'SONOYTA', 6),
(51, 'LAZARO CARDENAS', 6),
(52, 'MONTERREY', 6),
(53, 'CANCUN', 6),
(64, 'QUERETARO', 6),
(65, 'TOLUCA', 6),
(67, 'CHIHUAHUA', 6),
(73, 'AGUASCALIENTES', 6),
(75, 'PUEBLA', 6),
(80, 'COLOMBIA', 6),
(81, 'ALTAMIRA', 6),
(82, 'CIUDAD CAMARGO', 6),
(83, 'DOS BOCAS', 6),
(84, 'GUANAJUATO', 6),
(1, 'Dupont de Nemours', 7),
(2, 'Monsanto', 7),
(3, 'Umbrella Corporation', 7),
(4, 'Cynergix', 7);
